{
  "docvqa": 0.13769246018315573,
  "overall": 0.13769246018315573,
  "invalid_output_rate": {},
  "error_counts": {
    "text_reading_failure": 1204,
    "correct": 46
  },
  "missing_prediction_count": 0,
  "num_predictions": 1250,
  "slices": {
    "by_dataset": {
      "docvqa": {
        "count": 1250,
        "mean_score": 0.13769246018315573
      }
    },
    "by_task_type": {
      "document_qa": {
        "count": 1250,
        "mean_score": 0.13769246018315573
      }
    },
    "by_answer_type": {
      "open_text": {
        "count": 1250,
        "mean_score": 0.13769246018315573
      }
    },
    "by_split": {
      "validation": {
        "count": 1250,
        "mean_score": 0.13769246018315573
      }
    },
    "by_error_type": {
      "text_reading_failure": {
        "count": 1204,
        "mean_score": 0.10474715550576799
      },
      "correct": {
        "count": 46,
        "mean_score": 1.0
      }
    }
  }
}